,r2,mae,rmse,cv_r2_mean,cv_r2_std
Random Forest,0.9815456369200237,0.05675775156579063,0.16685521340194787,0.9645353921597785,0.007778435046206558
XGBoost,0.9955730438232422,0.018328584730625153,0.08172277225949108,0.970208466053009,0.011844923628844005
